INSERT INTO rol (rol_nombre) VALUES
('ADMINISTRADOR'),
('BARBERO'),
('CLIENTE');

INSERT INTO usuario (usuario_id, usuario_password) VALUES
('1','$2a$10$Kw2ocP2gcltMoeM3COftfO5ArT6IA2fRk2xSSAhKRYji24PnMw4LC'),
('2', '$2a$10$ylSyyV7dTs67p2uNQq86kuYjUg9ocb/q/AmomXrcTxtahus0unzr2'),
('3', '$2a$10$jQbT9gYd8301Kg81O9KVA.9bTLXT.6R92uxxAuTZOOS7zj5I4oIV.'),
('4', '$2a$10$oN6pgj1kPvBWacTvFaWx5.C0Hk3PuhXI8mtfZKaOXHHERNJTRWZC.'),
('5', '$2a$10$jlfKyw5bAbFaLaN.E/XSBOIrfe.VoY8/y/P21xq7jyT7TIx0AjLum'),
('6', '$2a$10$16skgmubtAswZWUsrZeZRuQXSySpvx1MmhD27rSU7RpR2RQGChcqO'),
('7', '$2a$10$QGaJ4ORTQ9bfN8ceonyMZeTRb8.SqaCYDN7M2qdvaGeRUeLc68k9G'),
('8', '$2a$10$BKgo9OsLXW7U17LU2o6WvePHZ1hedNQIKsaGvL6hgkXxTptNOLk.2'),
('9', '$2a$10$UdgK2BWQe5nPX3VVXCBOW.4Z5xzktD1KDRJK7CWTTonAqlecS5Mc2'),
('10', '$2a$10$j0CLWzkyHUrPp9EPK3j1HeSrIjl8aY5Rdl/hoeNij9uE1Gk2TL0ae'),
('11', '$2a$10$B6NPt9josPVmSy5XoxTm3.xFYyny./Z0SWs0zprVZMBwLF18M6ZZ.'),
('12', '$2a$10$jP.YtovI1EHEYDQ4Kk.vdemvjaDs/70.6EgvAeW./N1NLYXyP6oy6'),
('13', '$2a$10$wITSFsK.HFGks6NqXjxDpe55VsPzVZ/9Wo9BsyxtnaQm.mxePszGO'),
('14', '$2a$10$Ek1mtx648XgdK7BCGDtctuiKu6TyiN6ujc16fwl08jxQS4fnd7.Sa');

INSERT INTO usuario_roles (usuario_id, rol_id) VALUES
('1',1),
('2',2),
('3',2),
('4',2),
('5',2),
('6',2),
('7',2),
('8',2),
('9',2),
('10',2),
('11',2),
('12',2),
('13',2),
('14',3);

INSERT INTO microservicio_permissions (microservice_name, endpoint_pattern, http_method, required_roles, description) VALUES
('catalogo-service', '/api/asignar*', 'GET', 'CLIENTE', ''),
('catalogo-service', '/api/barbero', 'GET', 'CLIENTE,ADMINISTRADOR', ''),
('catalogo-service', '/api/barbero/activos', 'GET', 'CLIENTE,ADMINISTRADOR', ''),
('catalogo-service', '/api/barbero/servicio/*', 'GET', 'CLIENTE,ADMINISTRADOR', ''),
('catalogo-service', '/api/barbero/*', 'GET', 'CLIENTE,BARBERO,ADMINISTRADOR', ''),
('catalogo-service', '/api/barbero/*/ocupacion/*', 'PUT', 'CLIENTE,BARBERO,ADMINISTRADOR', 'Actualizar la ocupacion de un barbero'),
('catalogo-service', '/api/barbero', 'POST', 'ADMINISTRADOR', ''),
('catalogo-service', '/api/barbero/*', 'PUT', 'ADMINISTRADOR', ''),
('catalogo-service', '/api/barbero/*', 'DELETE', 'ADMINISTRADOR', ''),
('catalogo-service', '/api/franja/horario/*', 'GET', 'BARBERO,ADMINISTRADOR', 'Buscar horario por fecha'),
('catalogo-service', '/api/franja/barbero/*', 'GET', 'BARBERO,ADMINISTRADOR', 'Buscar franjas por barbero'),
('catalogo-service', '/api/franja/barbero/*/*', 'GET', 'BARBERO,ADMINISTRADOR', 'Buscar franjas por barbero desde una hora'),
('catalogo-service', '/api/franja/barbero/*/*', 'POST', 'BARBERO,ADMINISTRADOR', 'Verificar franjas por barbero desde una hora'),
('catalogo-service', '/api/franja/barbero/*/*/*/*', 'GET', 'BARBERO,ADMINISTRADOR', 'Validar duración continua'),
('catalogo-service', '/api/franja', 'POST', 'ADMINISTRADOR', 'Crear una franja horaria'),
('catalogo-service', '/api/franja/*', 'PUT', 'ADMINISTRADOR', 'Actualizar franja horaria'),
('catalogo-service', '/api/franja/*', 'GET', 'BARBERO,ADMINISTRADOR', 'Actualizar franja horaria'),
('catalogo-service', '/api/franja/*', 'DELETE', 'ADMINISTRADOR', 'Eliminar franja horaria'),
('catalogo-service', '/api/horario/*', 'GET', 'BARBERO,ADMINISTRADOR', 'Buscar horario laboral por fecha'),
('catalogo-service', '/api/horario/*/*', 'GET', 'BARBERO,ADMINISTRADOR', 'Buscar horario por barbero y fecha'),
('catalogo-service', '/api/horario', 'POST', 'ADMINISTRADOR', 'Crear horario laboral'),
('catalogo-service', '/api/horario/*', 'PUT', 'ADMINISTRADOR', 'Actualizar horario laboral'),
('catalogo-service', '/api/categoria','GET','CLIENTE,BARBERO,ADMINISTRADOR','Listar todas las categorías'),
('catalogo-service', '/api/servicio', 'GET', 'CLIENTE,BARBERO,ADMINISTRADOR', 'Listar todos los servicios'),
('catalogo-service', '/api/servicio/categoria/*', 'GET', 'CLIENTE,BARBERO,ADMINISTRADOR', 'Listar servicios por categoría'),
('catalogo-service', '/api/servicio/barbero/*', 'GET', 'BARBERO,ADMINISTRADOR', 'Listar servicios por categoría'),
('catalogo-service', '/api/servicio/*', 'GET', 'CLIENTE,BARBERO,ADMINISTRADOR', 'Buscar un servicio por ID'),
('catalogo-service', '/api/servicio', 'POST', 'ADMINISTRADOR', 'Crear un nuevo servicio'),
('catalogo-service', '/api/servicio/*', 'PUT', 'ADMINISTRADOR', 'Actualizar un servicio existente'),
('catalogo-service', '/api/servicio/*', 'DELETE', 'ADMINISTRADOR', 'Eliminar un servicio por ID');

INSERT INTO microservicio_permissions (microservice_name, endpoint_pattern, http_method, required_roles, description) VALUES
('identidad-acceso', '/api/usuario/barbero', 'POST', 'ADMINISTRADOR', 'Crear un barbero y usuario'),
('identidad-acceso', '/api/usuario/cliente', 'POST', 'ADMINISTRADOR', 'Crear un cliente y usuario');

INSERT INTO microservicio_permissions (microservice_name, endpoint_pattern, http_method, required_roles, description) VALUES
('reserva-service', '/api/cliente', 'GET', 'ADMINISTRADOR', 'Listar todos los clientes'),
('reserva-service', '/api/cliente/*', 'GET', 'CLIENTE,ADMINISTRADOR', 'Buscar cliente por ID'),
('reserva-service', '/api/cliente/*/correo', 'GET', 'CLIENTE,ADMINISTRADOR', 'Buscar correo de cliente por ID'),
('reserva-service', '/api/cliente', 'POST', 'CLIENTE,ADMINISTRADOR', 'Crear un nuevo cliente'),
('reserva-service', '/api/cliente/*', 'PUT', 'CLIENTE,ADMINISTRADOR', 'Actualizar un cliente existente'),
('reserva-service', '/api/cliente/*', 'DELETE', 'CLIENTE,ADMINISTRADOR', 'Eliminar un cliente por ID'),
('reserva-service', '/api/reserva', 'GET', 'ADMINISTRADOR', 'Listar todas las reservas'),
('reserva-service', '/api/reserva/*', 'GET', 'CLIENTE,BARBERO,ADMINISTRADOR', 'Buscar reserva por ID'),
('reserva-service', '/api/reserva', 'POST', 'CLIENTE,ADMINISTRADOR', 'Crear una nueva reserva'),
('reserva-service', '/api/reserva/*', 'PUT', 'CLIENTE,ADMINISTRADOR', 'Actualizar una reserva existente'),
('reserva-service', '/api/reserva/*', 'DELETE', 'CLIENTE,ADMINISTRADOR', 'Eliminar una reserva por ID'),
('reserva-service', '/api/reserva/cancelar/*', 'DELETE', 'CLIENTE,BARBERO,ADMINISTRADOR', 'Cancelar una reserva por ID'),
('reserva-service', '/api/incidencia/barbero/*', 'GET', 'BARBERO,ADMINISTRADOR', 'Listar incidencias por barbero'),
('reserva-service', '/api/incidencia/reserva/*', 'GET', 'CLIENTE,BARBERO,ADMINISTRADOR', 'Listar incidencias por reserva'),
('reserva-service', '/api/incidencia/turno/*', 'GET', 'BARBERO,ADMINISTRADOR', 'Listar incidencias por turno'),
('reserva-service', '/api/incidencia/*', 'GET', 'CLIENTE,BARBERO,ADMINISTRADOR', 'Buscar incidencia por ID'),
('reserva-service', '/api/turno', 'GET', 'ADMINISTRADOR', 'Listar todos los turnos'),
('reserva-service', '/api/turno/barbero/*', 'GET', 'BARBERO,ADMINISTRADOR', 'Listar turnos por barbero'),
('reserva-service', '/api/turno/reserva/*', 'GET', 'CLIENTE,BARBERO,ADMINISTRADOR', 'Listar turnos por reserva'),
('reserva-service', '/api/turno/activas/barbero/*', 'GET', 'BARBERO,ADMINISTRADOR', 'Listar turnos activos por barbero'),
('reserva-service', '/api/turno/activas/barbero/*/*', 'GET', 'BARBERO,ADMINISTRADOR', 'Listar turnos activos por barbero en una fecha'),
('reserva-service', '/api/turno/activas/servicio/*', 'GET', 'ADMINISTRADOR', 'Listar turnos activos por servicio'),
('reserva-service', '/api/turno/*', 'GET', 'CLIENTE,BARBERO,ADMINISTRADOR', 'Buscar turno por ID'),
('reserva-service', '/api/turno', 'POST', 'CLIENTE,BARBERO,ADMINISTRADOR', 'Crear un nuevo turno'),
('reserva-service', '/api/turno/*', 'PUT', 'CLIENTE,BARBERO,ADMINISTRADOR', 'Actualizar un turno existente'),
('reserva-service', '/api/turno/*/estado/*', 'PUT', 'CLIENTE,BARBERO,ADMINISTRADOR', 'Actualizar el estado de un turno existente'),
('reserva-service', '/api/turno/*', 'DELETE', 'CLIENTE,BARBERO,ADMINISTRADOR', 'Eliminar un turno por ID'),
('reserva-service', '/api/turno/barbero/*/disponibilidad', 'GET', 'BARBERO,ADMINISTRADOR', 'Verificar la disponibilidad de un barbero respecto a sus turnos');
